연번,시도명,시군구명,축제명,"2019년
개최기간",축제주요내용,"주최/주관
(담당자 연락처)","최초개최년도
및 횟수","2019년
축제예산",국비,"시,도비","구,군비",기타,"국비지원
부처명",세부사업명,"축제종류
(택1)",문화관광축제 여부,축제소재,개최주기,조직형태,"축제사무국
상설화여부 ","사업위탁
운영여부",합 계,내국인,외국인,개최장소
1,서울특별시,영등포구,"영등포 여의도 
봄꽃축제","4.5~4.11.
(7일간)"," ○ 여의서로를 꽃과 전시, 예술공간, 편의공간으로 탈바꿈 
 ○ 꽃를 테마로 공연, 전시, 체험 등 25개 프로그램 운영
 ○  축제기획 및 시민자유 참가공연  공연","영등포구 문화체육과
/ 영등포문화재단
(02-2670-3128)","2005년도
(15회)",729,0,200,246,283,,,문화예술,지역축제,꽃,매년,공공(시군구),없음,부분위탁,"5,060","5,060",,거리
2,서울특별시,용산구,2019 이태원 지구촌 축제,10월 중,"○ 개폐막 공연, 주제공연 및 문화공연
    - 세계문화대상, 글로벌 거리퍼레이드, 세계픙믈전 등","(사)이태원관광특구연합회
(02-797-7319)","2002년도
(18회)",230,0,0,230,0,,,문화예술,지역축제,관광,매년,사단법인,없음,전체위탁,"1,200","1,200",,이태원관광특구
3,서울특별시,용산구,2019 드래곤 IT 페스티벌,10월 중,"○ 개막 콘서트 개최 
○ 첨단 전자제품 대회, 체험, 전시 판매
○ 상가별 문화공연 및 벼룩시장 등 이벤트개최 ","용산구상공회
(02-718-7812)","2012년도
(7회)",20,0,0,20,0,,,지역특산물,지역축제,첨단 전자제품,매년,임의단체,없음,자체 추진,7,7,,용산 전자상가 일대
4,서울특별시,강북구,4.19혁명국민문화제2019,"4.13.~19.
(7일간)","○ 전야제 공식행사 및 락뮤직페스티벌
○ 4.19혁명을 테마로 한 연극, 문화공연, 전시 등 운영
○ 문화,전시,교육,체험 4개분야 37개프로그램 운영","4.19민주혁명회,4.19혁명희생자유족회,4.19혁명공로자회,강북구/4.19혁명국민문화제위원회
(02-901-6206)","2013년도
(7회)",693,225,300,168,0,,,전통역사,지역축제,4.19혁명,매년,축제조직위,"있음

정규직 2명",부분위탁,60,60,,국립4.19민주묘지 및 강북구일원
5,서울특별시,중랑구,서울장미축제,"5. 24 ~5. 26
(3일간)","○ 첫째날 _장미의 날 : 주민참여프로그램(장미가요제, 장미퍼레이드), 오프닝 퍼포먼스(LED장미 소원꽃등 띄우기)
○둘째날_ 연인의 날 : 젊은층과 외국인을 위한 프로그램(로즈&뮤직파티, 뮤지컬 갈라쇼, 로즈&재즈)
○ 셋째날_ 아내의 날 : 아내를 위한 프로그램(아내여 장미처럼 가든디너쇼, 장미꽃길걷기,KBS교향악단 장미음악회, 낙화놀이 등)
 - 장미개화시기동안 중랑아티스트 공연 예정, 또한 중랑천둔치에 부스, 특별 무대를 설치하여 다양하고 성대한 문화축제 개최","중랑구 문화관광과
(02-2094-1823)","2015년도
(5회)",625,0,158,467,0,,,주민화합,지역축제,장미,매년,공공(시군구),없음,자체추진,"2,337","2,286",51,"중랑천장미터널
수림대공원
중화체육공원"
6,서울특별시,중랑구,용마폭포 문화예술축제,10월 초 예정,"○ 공연예술 : 클래식 뮤지컬 가요 국악 재즈 등 고품격 공연 추진
○ 미술,전시 : 문인,미술,사진,서예 등 문화예술단체가 참여하는 전시
○ 문화체험탐방 :  어린이,청소년,가족 등 다양한 연령대가 참여하는
                           종합축제기획  
○ 폭포장터 : 지역경제 홍보 및 활성화를 위한 소상공인 협력체계 구축","중랑구 문화관광과 
(02-2094-1823)","2008년
(12회)",130,0,30,100,0,,,주민화합,지역축제,폭포,매년,공공(시군구),없음,자체추진,27,27,,용마폭포공원
7,서울특별시,시자체,서울거리예술축제 2019,"10.3~10.6
(4일간 예정)"," ○ 국내외 거리예술 공연프로그램
 ○ 시민참여형 기획프로그램 및 대내외 협력프로그램
 ○ 전국체전 100주년 연계 문화행사 등","서울문화재단 예술축제팀
(02-3290-7163)","2003년
(17회)","1,800",0,1800,0,0,,,문화예술,지역축제,거리예술,매년,재단법인,"있음

정규직 4명
계약직 10명
총 14명  ","부분위탁
(기술시스템, 현장운 등 대행사 위탁운영)",880,30,850,"도심광장, 거리, 미술관, 도심재생공간 등"
8,서울특별시,시자체,"2019 서울
서커스페스티벌
'서커스 캬바레'","5.4~5.6
(3일 간)","○ 국내외 서커스 공연프로그램
○ 국제교류프로그램 : 아시아 서커스 네트워크 미팅
○ 시민참여 프로그램 : 서커스 예술놀이터","서울문화재단 예술축제팀
(02-3437-0058)","2018
(2회)",300,0,300,0,0,,,문화예술,지역축제,거리예술,매년,재단법인,"없음
정규직 4명
계약직 1명
총 4명","부분위탁
(기술시스템, 현장운 등 대행사 위탁운영)",11,11,0,문화비축기지
9,서울특별시,시자체,서울빛초롱축제,"11.1~11.17
(17일간)"," ○ 한지 및 LED를 활용한 등(燈) 전시
 ○ 빛을 주제로한 시민참여 체험프로그램 운영","서울관광재단 관광콘텐츠팀
(02-3788-0818)","2009년도
(11회)",833,0,833,0,0,,,문화예술,지역축제,"등(燈), 빛",매년,재단법인,없음,부분위탁,"2,270","1,871",399,"하천, 시내거리"
10,서울특별시,은평구,불광천벚꽃축제,"4월중
(2일간)","○ 개막식 및 축하공연
○ 가훈써주기 등 12개 체험 부스 운영
○생활문화예술동아리 한마당, 인디밴드 공연 등","은평구 문화광광과
(02-351-6514","2012년도
(8회)",75,0,55,20,0,,,생태자연,지역축제,벚꽃,매년,공공,없음,자체추진,"52,000","52,000",0,하천
11,서울특별시,은평구,은평누리축제,"10월중
(4일간)","○ 주민참여프로그램(광장축제, 생화문화예술동아리한마당)
○ 기획프로그램(개막제, 폐막제)","은평문화재단
(070-4174-1772)","2010년도
(10회)",180,0,0,180,0,,,문화예술,지역축제,프로그램공모,매년,재단법인,없음,자체추진,"200,000","200,000",0,"광장
공연장
하천, 공원"
12,서울특별시,은평구,북한산한문화페스티벌,"10월중
(4일간)","○ 이야기콘선트, 문화다양성공연, 체험부스 등","은평구 문화광광과
(02-351-6518)","2012년도
(8회)",218,100,30,88,0,,,문화예술,지역축제,매년,공공,없음,자체추진,400000,"400,000","400,000",0,"북한산성주차장
공휴부지"
13,서울특별시,강서구,겸재문화예술제,5월중(2일간),"○ 전국 사생대회, 진경대전
○ 겸재를 주제로한 전시, 및 어린이날 체험프로그램 운영
○ 특별전, 겸재퍼포먼스 등 개막행사, 궁산에서 펼쳐지는 예술한마당, 겸재전국청소년문화한마당 등 공연 등
○ 기타 야외전시 및 학술대회 등","강서구/강서문화원(겸재정선미술관)
(02-2600-6154)","2015년도
(5회)",141,0,39,102,0,,,문화예술,지역축제,겸재 정선,매년,"임의단체
(추진위원회)",없음,부분위탁(운영),2,2,0,"궁산근린공원,
겸재정선미술관 일대"
14,서울특별시,강서구,강서어린이동화축제,5. 4.(토)(1일),"○ 주제별 퍼레이드 : 800m(강서공고운동장∼방화역∼방화근린공원)
○ 개막식, 각급학교 및 지역동아리(16개팀) 공연
○ 체험부스 및 먹거리 마당 운영","강서구/강서어린이동화축제추진위원회
(02-2600-6986)","2007년도
(10회)
2018년도-->
우천취소",115,0,36,79,0,,,문화예술,지역축제,동화로 보는 강서마을,매년,"임의단체
(추진위원회)",없음,부분위탁(운영),0,0,0,"방화근린공원
(예정)"
15,서울특별시,강서구,한여름 밤의 페스티벌,8월중(1일),○ 한여름 무더위로 지친 구민을 위한 문화예술공연,"강서구/강서문화원
(02-2600-6455)","2006년도
(11회)",50,0,20,30,0,,,문화예술,지역축제,여름,매년,공공(시군구),없음,부분위탁(운영),2,2,0,신정여자상업고등학교(예정)
16,서울특별시,강서구,허준축제,"10.12~10.14
(3일간)","○ 사전프로그램 운영 : 유틍 및 허준 테마등 전시 및 각종 문화 프로그램 운영
○ 허준, 동의보감 관련 주제관 운영
○ 허준전국가요제, 허준콘서트, 지역문화공연 등 각종 문화공연 및 지역문화예술단체 전시 행사, 각종 양한방 체험 프로그램 등 운영
○ 개폐막식 공연, 주제공연 및 문화공연","강서구/강서문화원
(02-2600-6455)","1999년도
(20회)",419,0,100,319,0,,,문화예술,지역축제,"허준, 동의보감,
양한방 건강문화축제",매년,"임의단체
(추진위원회)",없음,부분위탁(운영),25,23,2," 허준근린공원, 허준박물관 일대"
17,서울특별시,강동구,강동선사문화축제,"10.11~10.13
(3일간)"," ○ 대표프로그램: 거리퍼레이드
 ○ 선사문화를 테마로한 공연, 전시, 체험프로그램 운영
 ○ 개폐막 공연, 주제공연 및 문화공연
    - 6개 분야 80여개 프로그램
 ○ 바위절마을 호상놀이, 먹을거리장터 등 부대행사","강동구청 문화예술과
(02-3425-5246)","1996년도
(24회)",640,0,220,420,0,,,문화예술,지역축제,선사문화,매년,공공(시군구),없음,자체추진,400,399,1,서울 암사동 유적
18,서울특별시,광진구,서울동화축제,"5.4.~5.6.
(3일간)","○ 퍼레이드, 버스킹, 동화를 테마로 한 체험프로그램 운영
○ 도로그림그리기, 푸드트럭 운영 등
○ 어린이뮤지컬 등 다양한 동화공연, 상상공작소, 상상에코돔
○ 동화극장, 해피할머니, 고양이 전시회 등","광진구 문화체육과
(02-450-7596)","2012년도
(8회)",380,0,200,180,0,,,문화예술,지역축제,동화,매년,공공(시군구),없음,자체추진,150,150,,서울어린이대공원 및 대공원 정문 앞 도로
19,서울특별시,광진구,광나루어울마당,"10월 첫째주
(2일간)","○ 가요제 등 주민화합 프로그램 운영
○ 다양한 체험프로그램, 먹거리마당 운영","광진구 문화체육과
(02-450-7597)","2011년도
(9회)",110,0,30,80,0,,,문화예술,지역축제,주민화합,매년,공공(시군구),없음,자체추진,20,20,,서울어린이대공원 및 대공원 및 능동로
20,서울특별시,중구,제4회충무로뮤지컬영화제," 7.5~7.14 
(10일간)"," - 개폐막작 및 8개 섹션,40편 상영
 - 공식 개·폐막식, 초청작 상영, 야외상영, 심야상영 등","중구중구문화재단
(02-2230-6641)","2016년
(3회)",790(미확정),0,240,550,0,,,문화예술,지역축제,영화,매년,재단법인,"있음
총 18명",부분위탁,"36,500","36,500",0,"충무아트센터, DDP 일대"
21,서울특별시,동대문구,선농대제,"4. 20
(1일간)","○ 제례행렬
○ 선농제향
○ 설렁탕 재현 등",선농단 보존회,"1979년
(41회)",113,0,50,63,0,,,전통역사,지역축제,풍년기원,매년,사단법인,있음,부분위탁,5,,,유적지
22,서울특별시,동대문구,세계거리춤축제,"10월 중
(2일간)","○ 세계의 춤 공연
○ 댄스 전문 동호회 공연, 댄스 경연 등 
○ 개폐막 공연, 주제공연 및 문화공연
    -30여개 프로그램
○ 각종 체험부스, 먹거리부스 운영","(사)세계거리춤축제위원회
(02-2127-4711)","2008년도
(8회)",160,40,100,20,0,,,주민화합,지역축제,세계의 춤,매년,사단법인,"있음
계약직 3명","부분위탁
(하드웨어,프로그램)",500,,,시내거리
23,서울특별시,동대문구,청룡문화제,"10. 26~ 27
(2일간)","○ 어가행렬
○ 청룡제향
○ 축하콘서트, 전통문화 체험부스 운영","동대문문화원
(02-2127-4705)","1991년도
(28회)",85,0,35,50,0,,,전통역사,지역축제,기우제,매년,재단법인,"있음
정규직 3명",전체위탁,10,,,공원
24,서울특별시,동대문구,서울약령시 한방축제,"10월 말
(2일간)","○ 보제원 제향 및 거리퍼레이드
○ 한방사랑 시민걷기대회
○ 한방약선 요리대회 등","(사)서울약령시협회
(02-969-4793)","1995년도
(25회)",205,0,120,65,20,,,지역특산물,지역축제,한약,매년,사단법인,"있음
정규직 3명",전체위탁,45,,,시장
25,서울특별시,관악구,관악 강감찬축제,"10.18~10.19
(2일간)","○ 귀주대첩 전승행력 거리퍼레이드(대표프로그램)
 ○ 관악구의 역사문화자원인 강감찬 장군을 테마로한
     공연, 전시, 체험프로그램 운영
 ○ 개폐막 공연, 주제공연 및 문화공연
    - 7개 분야 20여개 프로그램
 ○ 기타 특별행사 및 전시 등등","관악구
(02-879-5603)","1988년도
(31회)
*기존
관악산철쭉제",542,2,240,300,0,문체부,자연유산 민속행사,문화예술,지역축제,강감찬 장군,매년,축제조직위,없음,자체추진,150,150,,"공원, 광장 등"
26,서울특별시,구로구,"2019 G페스티벌
(구로아시아문화축제)","9.27~29
(3일간)","○ 아시아 드림콘서트
○ 아시아를 테마로한 공연, 전시, 체험프로그램 운영
   - 아시아 한마당(전통공연 등)
   - 아시아특별기획 프로그램(ex. 아시아누들 축제 등)
   - 아시아 마켓
○ 개폐막 공연 , 주제공연 및 문화공연
○ 어린이 테마파크, 건강노익장 대회, 주민자치발표회 등","구로구 문화관광과
/구로문화재단
(02-860-2585)","2015년도
(5회)",834,334,100,400,0,문체부,(균특) 구로아시아한마당음악회,주민화합,지역축제,아시아,매년,공공,비상설,자체추진,120,100,20,"공원, 하천"
27,서울특별시,양천구,2019양천해우리페스티벌,"2019.10월중
(3일간)","○ 양천예술제를 포함한 양천구 종합축제로 확대 개최 추진
○ 반려동물축제, 로데오거리축제 등 서울시민과 함께할 수 있는 
    종합문화예술 축제 마련
○ 마을축제, 마을동아리 공연, 전시, 체험 등","양천구 문화체육과
2620-3404",1회,197,0,70,127,0,,,문화예술,지역축제,"문화관광
(반려동물 , 공연, 전시 등)",매년,공공(시군구),없음,"부분위탁
(프로그램)",4,4,,양천공원 등
28,서울특별시,노원구,노원탈축제,"10.19.~20.
(2일간)","○ 탈 퍼레이드 경연대회, 플래시몹
○ 전야제, 초청공연 및 주민참여형 공연
○ 각종 만들기, 공익, 전시, 먹거리 등 다양한 부스 운영","노원탈축제추진위원회
(2116-3772)","2013년
(7회)",391,0,100,291,0,,,주민화합,지역축제,"전통탈을 기반으로 ""일탈""을 주제로 도심형 주민참여형 축제 ",매년,축제조직위,비상설,전체위탁,340,339,1,시내거리
29,서울특별시,노원구,노원등축제,"4.27~5.6.
(10일간)","○ 등 작품, LED 조형물 전시
○ 개막식, 특별행사, 부대행사",노원문화원,"2014년
(6회)",163,0,50,113,0,,,주민화합,지역축제,친환경생태하천 당현천에서 작품 등 전시 및 부대행사 진행,매년,공공(시군구),없음,전체위탁,280,280,,하천
30,서울특별시,시자체,온동네어울림한마당,"9.27~9.28
(2일간)"," ○ 관리형 주거환경개선사업 주민공동체 홍보 및 네트워크 강화를 위한 행사
 ○ 프리미켓, 주민공연, 체험프로그램
 ○ 개폐막 공연, 주제공연 및 문화공연 등
    - 10개 분야 20개 프로그램","서울특별시 주거환경개선과 
/ 비영리단체 저층주거지재생사업단
(02-2133-7256)","2016년
(4회)",80,0,80,0,0,-,-,주민화합,지역축제,"마을상품, 체험 등",매년,임의단체(주민),없음,자체추진,20,16,4,광화문광장
31,서울특별시,시자체,성곽마을 주민한마당,"10.3~10.14
(12일간)"," ○ 주민역량강화, 상호협력하는 성곽마을 전체의 화합의 장
 ○ 미니강연회, 성곽마을 탐방주간운영, 가치공유박람회","서울특별시 주거환경개선과 
(02-2133-7257)",2017(3회),30,0,30,0,0,,,주민화합,지역축제,성곽마을탐방 등,매년,주민네트워크,없음,자체추진,2,2,,성곽마을
32,서울특별시,시자체,2019 서울정원박람회,"10.3~10.9
(7일간)","○ 마을주민과 전문작가와의 협업을 통한 주민참여정원 조성
○ 정원산업전 특별 프로그램 신설(ex.우수제품 콘테스트 등)
○ 가족화분만들기, 스탬프투어 등 시민참여프로그램 운영
○ 조경·정원발전을 위한 정원 콘퍼런스
○ 가든시네마, 가을밤의 정원 음악회 등 정원문화페스티벌","서울특별시 푸른도시국 조경과
(02-2133-2112)","2015년도
(5회)","1,635",0,1635,0,0,,,문화예술,지역축제,전시정원,매년,자문위원회,없음,"부분위탁
(프로그램)",905,897,8,마을
33,서울특별시,마포구,제12회 마포나루 새우젓축제,"10.18~10.20
(3일간)","○ 핵심프로그램 : 황포돛배 입항재현
○ 개장식, 개막식, 문화·체험·판매행사
  - 8개분야 78개 프로그램","마포구 문화진흥과/마포문화원
(02-3153-8352)","2008년도
(12회)",300,0,0,300,0,,,문화예술,지역축제,"한강, 마포나루, 새우젓, 황포돛배",매년,"·공공(마포구)
·사단법인
   (마포문화원)",없음,전체위탁,650,,,"월드컵공원 
평화의광장"
34,서울특별시,마포구,서울와우북페스티벌,9월 중,"○ 복합책문화예술축제
○ 도서 판매, 강연, 공연 등","와우책문화예술센터
(02-336-1585)","2005년도
(15회)",미정,,,,,,,문화예술,지역축제,책,매년,사단법인,없음,자체추진,300,,,"홍대걷고
싶은거리"
35,서울특별시,마포구,서울프린지페스티벌,8월 중,○ 독립예술제,"서울프린지네트워크
(02-325-8150)","1998년도
(21회)",미정,,,,,,,문화예술,지역축제,독립예술,매년,사단법인,없음,자체추진,4,,,월드컵경기장
36,서울특별시,마포구,서울국제뉴미디어페스티벌,8월 중,"○ 대안영상미디어축제
○ 서울국제뉴미디어대안영화제, 전시제, 뉴미디어아트페스티벌, 개막식, 폐막식 등","(사)대안영상문화발전소 
아이공(02-337-2870)","2001년도
(19회)",미정,,,,,,,문화예술,지역축제,대안영상미디어,매년,사단법인,없음,자체추진,55,,,서교예술실험센터 등
37,서울특별시,마포구,2019 판 페스티벌,11월 중,"○ 홍대를 기반으로 활동하고 있는 언플러그드 아티스트들, 미술, 공예작가들, 창작국악공연 등으로 구성되어 있는 복합문화축제","극단 산울림
(02-334-5915)","2015년도
(4회)",미정,,,,,,,문화예술,지역축제,복합문화,매년,사단법인,없음,자체추진,10,,,산울림소극장
38,서울특별시,마포구,홍대앞 예술시장 프리마켓,3.~11.,"○ 생활창작품 전시·판매, 공연 등","일상예술창작센터
(325-8553)","2015년도
(5회)",미정,,,,,,,문화예술,지역축제,생활창작품,매년,사단법인,없음,자체추진,10,,,홍익문화공원
39,서울특별시,시자체,벚꽃축제,"4.6.~4.21.
(16일간)",○ 벚꽃 주제 공연 및 전시 등 벚꽃 만개의 아름다움을 시민과 공유,"서울대공원 전략기획실
(02-500-7022)","2016년도
(4회)",70,0,70,0,0,,,문화예술,지역축제,벚꽃,매년,공공(시군구),없음,부분위탁,266,266,,공원
40,서울특별시,시자체,장미원축제,"5.25.~6.9.
(16일간)",○ 사진찍고 데이트하기 좋은 장미원 사진공모전 및 공연 등,"서울대공원 전략기획실
(02-500-7022)","2001년도
(19회)",50,0,50,0,0,,,문화예술,지역축제,장미,매년,공공(시군구),없음,부분위탁,110,110,,공원
41,서울특별시,시자체,동물원 속 미술관,"10.9.~10.20.
(12일간)","○ 상상 속 동물과 살아있는 동물원이 만나는 예술 동물원,
    동물 작품 전시, 멸종위기종 보호를 위한 재활용 공예 등","서울대공원 전략기획실
(02-500-7022)","2016년도
(4회)",100,0,100,0,0,,,문화예술,지역축제,"동물, 예술",매년,공공(시군구),없음,부분위탁,157,157,,공원
42,서울특별시,종로구,종로랑 페스티벌,10.20.~10.21.(2일간),"○ 생활문화 예술동아리 연합 축제 
    -  개막 공연, 체험·마켓, 전시(4개분야)","종로구 문화과 
/ 종로문화재단
(02-2148-1805)","2017년도
(2회)",30,0,30,0,0,,,문화예술,지역축제,동아리,매년,축제조직위,해당없음,자체추진,"1,150","1,150",,대학로
43,서울특별시,종로구,대학로거리공연축제,"5.16.~ 5.19.
(4일간)","○ 거리공연프로그램
  (움직이는 그림, 마로니에 버블타임 등)","(사)한국소극장협회
(주지선,02-742-4188)","2007년도
(13회)",180,0,180,0,0,,,문화예술,지역축제,거리공연,매년,"사단법인
축제조직위원회","있음

정규직 1명
 ",전체위탁,40,40,,대학로 일대
44,서울특별시,종로구,대학로문화축제,"8.21.~ 8.25.
(5일간)","○ 대학생 기획 및 진행 프로그램
  (아시아 대학생들의  전통문화공연 등)","대학로문화축제추진위원회
(오세민,02-766-9033))","2002년도
(17회)",65,0,15,50,0,,,문화예술,지역축제,대학문화,매년,"사단법인
축제조직위원회","있음

정규직 1명",전체위탁,10,10,,대학로 일대
45,서울특별시,종로구,종로한복축제,"9.20.~9.22.
(3일간)"," ○ 평화와 사랑의 강강술래
 ○ 신명과 화합의 북의 메아리(진도북춤)
 ○ 금난새와 함께하는 한복음악회 등","종로구 문화과/ 종로문화재단
(02-2148-1803)","2016년도
(4회)",290,0,240,50,0,,,전통역사,지역축제,한복,매년,재단법인,비상설,부분위탁,137,137,0,광화문광장
46,서울특별시,종로구,윤동주문학제,9.6. ~ 9.8. (3일간)," ○ 윤동주창작음악제
 ○ 윤동주 시인을 테마로 한 시화공모전
 ○ 문학토크콘서트
 ○ 다큐멘터리 <잊지못할 윤동주> 상영회
 ○  시민과 함께하는 열린콘서트 및 기타 부대행사 개최",종로구청 문화과 (02-2148-1808) / 종로문화재단 (02-6203-1162),2014년도 (6회),80,0,25,55,0,,,문화예술,지역축제,시인,매년,비영리 재단법인,없음,자체추진,10,10,,"윤동주문학관, 시인의 언덕, 청운문학도서관"
47,서울특별시,서초구,서리풀페스티벌,"9.21~9.28
(8일간)","○ 퍼레이드, 지상최대 스케치북 
○ 고품격 기획공연 및 폐막공연
○ 프린지 공연 (청년예술인 공연, 아마추어 공연 등)
○ 지역특화프로그램 (지역축제)","서초구, 서초문화재단
 / 서리풀페스티벌 조직위원회
(02-2155-6228)","2015년도
(5회)",295,0,0,295,0,,,문화예술,지역축제,"서초역사
문화예술",매년,축제조직위,없음,부분위탁,70,,,서초구 전역
48,서울특별시,서초구,반포서래 한불음악축제,9월 중,"○국내·프랑스 뮤지션 축하공연, 주민참여공연, 불꽃놀이, 먹거리부스(푸드트럭) 운영"," 반포서래 한불음악축제 추진위원회(반포본·1·2·3·4동 주민자치위원회)
(02-2155-7685)","2008년도
(12회)",78,0,0,78,0,,,문화예술,지역축제,문화예술,매년,축제추진위,없음,부분위탁,25,,,반포한강공원
49,서울특별시,서초구,서초골 축제,9월 중,"○클래식음악회, 오페라&뮤지컬 갈라콘서트 개최","서초1?2?3?4동 주민자치위원회/
서초골축제추진위원회","2011년도
(9회)",40,0,0,40,0,,,문화예술,지역축제,문화예술,매년,축제추진위,없음,해당없음,2,,,예술의전당
50,서울특별시,서초구,정월대보름 달맞이행사,2월 중,"○달집태우기, 지신밟기 등 전통문화행사 재현
○쥐불놀이, 윷놀이, 널뛰기 등 전통 민속놀이 체험장 운영","양재1·2·내곡동 주민자치위원회/
(주관동:내곡동, 02-2155-7948)","2007년도
(13회)",25,0,0,25,0,,,문화예술,지역축제,문화예술,매년,공공(읍면동),없음,해당없음,2,,,양재천
51,서울특별시,서초구,잠원나루축제,9월 중,"○왕비친잠행사, 주민참여공연, 누에생태체험관, 먹거리장터 운영","잠원동 주민자치위원회/
(02-2155-7547)","2012년도
(8회)",13,0,0,12.5,0,,,문화예술,지역축제,문화예술,매년,공공(읍면동),없음,해당없음,3,,,잠원체육공원
52,서울특별시,서초구,행복내곡축제,4~12월,"○내곡가족 청계산 나들이, 행복내곡 마을축제 등","내곡지구입주민모임
(행복내곡추진본부)","2014년도
(6회)",2,0,0,0,2,,,주민화합,지역축제,문화예술,매년,임의단체,없음,해당없음,2,,,언남초등학교
53,서울특별시,서초구,양재마을축제,5~11월,"○음악공연, 다문화체험, 벼룩시장 등",양재마을넷,"2015년도
(5회)",1,0,0,0,1,,,주민화합,지역축제,문화예술,매년,임의단체,없음,해당없음,2,,,양재2동
54,서울특별시,서초구,서초마을교육문화축제,4~11월,"○서초마을 문화예술 및 미디어활동, 건강문화예술마을 만들기",서초커뮤니티네트워크,"2015년도
(5회)",0,0,0,0,0,,,주민화합,지역축제,문화예술,매년,임의단체,없음,해당없음,1,,,서초지역
55,서울특별시,서초구,말죽거리축제,9월 중,"○말퍼레이드 및 승마체험, 특산물 장터, 노래자랑 등",말죽거리소상공인연합회,"2015년도
(5회)",15,0,0,10,5,,,문화예술,지역축제,문화예술,매년,임의단체,없음,해당없음,1,,,"양재시장
말죽거리 일대"
56,서울특별시,서초구,우솔마을 축제,10월 중,○체육대회 및 장기자랑 등 개최,우솔마을발전위원회,"2015년도
(5회)",2,0,0,0,2,,,주민화합,지역축제,문화예술,매년,임의단체,없음,해당없음,1,,,우솔초등학교
57,서울특별시,서초구,"여의천 문화축제
(前 청계산단풍축제)",10월 중,"○전통문화 체험행사(부대행사, 먹거리 장터 등)",청계산단풍축제추진위원회,"2015년도
(5회)",13,0,0,0,13,,,주민화합,지역축제,문화예술,매년,축제추진위,없음,해당없음,2,,,여의천 일대
58,서울특별시,서초구,악기거리축제,9월 중,"○작은음악회, 거리콘서트, 악기거리 마켓, 체험행사 등",서울악기거리축제추진위원회,"2016년도
(4회)",10,0,0,10,0,,,문화예술,지역축제,문화예술,매년,축제추진위,없음,해당없음,1,,,서초동 악기거리
59,서울특별시,서초구,방배비보이페스티벌,9월 중,"○비보이 공연 및 아트풍선 쇼, 코스프레 포토존 운영 등",방배권역 비보이 축제추진위원회,"2017년도
(3회)",25,0,0,0,25,,,문화예술,지역축제,문화예술,매년,축제추진위,없음,해당없음,2,,,방배뒷벌공원
60,서울특별시,서초구,서초단오마당,6월 중,"○창포물에 머리감기, 전통 놀이마당 등",서초마을네트워크,"2016년도
(4회)",1,0,0,0,1,,,주민화합,지역축제,문화예술,매년,임의단체,없음,해당없음,1,,,양재시민의 숲
61,서울특별시,도봉구,201. 도봉산 국제 페스9티벌,9. 28~9. 29(2일간),"○ 산악행사(자연암벽대회, 익스트림스포츠대회)
○ 공연행사, 사찰행사, 체험행사","도봉구 문화체육과/도봉문화재단(추진위원회)
(02-2091-2256)","2017
(3회)",125,0,25,100,0,,,문화예술,지역축제,도봉산,매년,추진위원회,없음,전체위탁,30,30,,도봉산
62,서울특별시,도봉구,도봉구 우이천 등축제,4월 중," ○ 개막점등식: 개막식 공연
 ○ 테마가 있는 등 전시
 ○ 부대행사 : 문화공연, 공예 체험, 소원지쓰기, 둘리포토존","도봉구 문화체육과
(02-2091-2254)","2016
(3회)",130,0,0,130,0,,,문화예술,지역축제,등(燈)전시,기타,공공(구),없음,자체추진,150,150,,우이천
63,서울특별시,도봉구,도봉구 방학천 등축제,10월 중," ○ 개막점등식: 개막식 공연
 ○ 테마가 있는 등 전시
 ○ 부대행사 : 문화공연, 공예 체험, 소원지쓰기, 둘리포토존","도봉구 문화체육과
(02-2091-2254)","2013
(8회)",190,0,90,100,0,,,문화예술,지역축제,등(燈)전시,매년,공공(구),없음,자체추진,150,150,,방학천
64,서울특별시,도봉구,정의공주와 함께하는 도봉한글잔치,"10.8~10.9
(2일간)"," ○ 백일장, 미술대회, 창작뮤지컬 공연 등
 ○ 부대행사: 체험, 전시 ","도봉구 문화체육과 / 도봉문화원
(02-2091-2262)","2012
(8회)",42,0,20,20,2,,,문화예술,지역축제,한글,매년,재단법인,없음,전체위탁,5,5,,방학동 원당샘공원
65,서울특별시,시자체,한강몽땅 여름축제,"7.19~8.18
(31일간)","○ 3개 테마, 80개 프로그램
  - 시원한강, 감동한강, 함께한강 주제","서울특별시 한강사업본부 총무과
(02-3780-0710)","2013년도 
(7회)","1,287",0,1287,0,0,,,문화예술,지역축제,한강,매년,공공(시군구),없음,부분대행,"9,915","9,600",315,하천
66,서울특별시,시자체,한강서래섬꽃축제,"5.11~5.12
10.12~10.13","○ 5월 유채꽃, 10월 메밀꽃밭 즐기기 테마형 포토존 운영
○ 소규모 체험, 공연, 특별 프로그램, 쉼터 운영 등 ","서울특별시 한강사업본부 
문화홍보과 (02-3780-0796","2004년도 
(16회)",70,0,70,0,0,,,생태자연,지역축제,꽃,매년,공공(시군구),없음,전체대행,38,35,3,하펀
67,서울특별시,중구,제4회충무로뮤지컬영화제," 7.5~7.14 
(10일간)"," - 개폐막작 및 8개 섹션,40편 상영
 - 공식 개·폐막식, 초청작 상영, 야외상영, 심야상영 등","중구중구문화재단
(02-2230-6641)","2016년
(3회)",790(미확정),0,240,550,0,,,문화예술,지역축제,영화,매년,재단법인,"있음
총 18명",부분위탁,37,37,0,"충무아트센터, DDP 일대"
68,서울특별시,서대문구,서대문독립민주축제,8.14~8.15," ○ 생존독립민주지사 풋프린팅
 ○ 독립과 민주를 테마로한 체험, 교육프로그램 운영
 ○ 개막공연, 역사콘서트 등 문화공연","서대문구 문화체육과
/ 독립민주페스티벌추진위원회
(02-330-1423)","2010년도
(10회)",238,0,30,208,0,,,전통역사,지역축제,"독립민주역사
서대문형무소
역사관",매년,축제조직위,없음,"부분위탁
(하드웨어)",50,,,유적지
69,서울특별시,서대문구,"신촌크리스마스
거리축제",12.22~25,"○ 크리스마스 콘서트
○ 크리스마스 거리가게(마켓&체험부스)운영
○ 개막식 및 오프닝 축하공연
○ 키즈존, 포토존 등 이벤트 운영","서울특별시 서대문구
/문화체육과
(02-330-1003)","2013년
(7회)",155,0,15,140,0,,,문화예술,지역축제,크리스마스,매년,공공(시군구),없음,자체추진,20,,,거리
70,서울특별시,서대문구,제7회 신촌물총축제,7.6~7.7,"○ 물총싸움, 퍼포먼스, 어린이 놀이터 
○ 디제잉 공연, 버블파티, 기타 이벤트","무언가
(02-330-8161)","2013년도
(6회)",290,0,220,0,70,,,문화예술,지역축제,물총,매년,임의단체,없음,"부분위탁
(하드웨어)",50,,,시내거리
71,서울특별시,서대문구,안산 벚꽃음악회,4.12~4.15,"○ 음익회, 지역예술단 공연, 아트마켓 등 ","서울특별시 서대문구
/문화체육과
(02-330-1003)","2011년도
(9회)",55,0,10,45,0,,,문화예술,지역축제,벚꽃,매년,공공(시군구),없음,자체추진,30,,,"연희 벚꽃쉼터
벚꽃마당"
72,서울특별시,서대문구,프랑스 거리음악축제,6.22.~23.,프랑스 대중가수 특별공연 및 프랑스 문화홍보,서대문구 문화체육과(02-330-1438),2017년도(3회),35,0,0,35,0,,,문화예술,지역축제,프랑스,매년,공공(시군구),없음,"부분위탁
(하드웨어)",5,,,시내거리
73,서울특별시,서대문구,신촌맥주축제,9.7.~9.9.,도심속에서 즐기는 신나는 맥주축제,서대문구 문화체육과(02-330-1809),2015년도(5회),4,0,0,4,0,,,문화예술,지역축제,맥주,매년,공공(시군구),없음,"부분위탁
(하드웨어)",100,,,시내거리
74,서울특별시,서대문구,중국대사관연계행사,9.21.~9.22.,중국 문화체험 및 전통공연,서대문구 문화체육과(02-330-1438),2019년도(1회),10,0,0,10,0,,,문화예술,지역축제,중국,일회성,공공(시군구),없음,"부분위탁
(하드웨어)",-,,,시내거리
75,서울특별시,서대문구,신촌댄스경연대회,9.28.~9.29.,일반부/학생부 참가자들의 창작댄스 경연대회,서대문구 문화체육과(02-330-1809),2016년도(4회),54,27,0,60,0,,,문화예술,지역축제,댄스,매년,공공(시군구),없음,"부분위탁
(하드웨어)",2,,,광장
76,서울특별시,서대문구,서대문 책으로 책축제,9.27~9.28," 책이 빚나는 밤에, 독서·전시존 운영, 어른동화 콘서트,  플리마켓, 체험프로그램 운영","서대문구청 문화체육과
/ 서대문구립이진아기념도서관
(02-330-1115)",2012(8회),40,0,0,40,0,,,주민화합,지역축제,매년,매년,공공(시군구),없음,전체위탁,13,,,공원
77,서울특별시,동작구,제7회 도심 속 바다축제,10.12~13,"○ 먹거리장터, 맨손활어잡기, 모의경매, 바다콘서트 및 체험프로그램 등","동작구 체육문화과/동작문화재단
(02-820-9657)",2011(7회),334,0,110,164,60,,,기타,지역축제,수산물,매년,축제추진위원회,"있음(비상설, 비정규 3명)","부분위탁
(운영 프로그램)",400,350,50,노량진수산시장
78,서울특별시,동작구,"제2회 노량진의 밤 
야간난전","6월 셋째주 
예정(2일)"," 젊은이들의 도전을 응원
 희망등 켜기, 미래의 나에게 보내는 메시지, 먹거리 장터 등","동작구 체육문화과/
야간난전 주민협의체
(02-820-9657)",2018,68,0,68,0,0,,,기타,지역축제,컵밥거리,매년,주민협의체,무,부분위탁,50,50,,시내거리
79,서울특별시,금천구,금천하모니벚꽃축제2019,"4.12~4.13
(예정)","? 메인 : 주민이 만드는 개막공연, 우리동네슈퍼스타 등
? 부대 : 문화시장(체험, 장터, 먹거리), 버스킹 등
? 연계 : 사생대회, 야외조각전 등","금천구·금천문화재단/ 
축제거버넌스
(02-2627-1445)","2003년도
(15회)",95,0,확보예정,95,0,,,문화예술,지역축제,"벚꽃, 음악 등",매년,축제조직위,없음,자체추진,30,30,,구청광장 등
80,서울특별시,금천구,"정조대왕 능행차 
공동재현 행사",10월중,"? 행렬 : 서울과 경기도를 연결하는 지역적 가치를 역사적
              고증내용으로 재구성하여 부각
? 격쟁 : 격쟁 재현 상황극
? 공연 : 금천구민의 다양한 무대공연 및 전통행사 공연","금천구/ 축제추진위원회
(02-2627-1452)","2016년도
(3회)",62,0,0,62,0,,,전통역사,지역축제,정조대왕,매년,축제조직위,없음,자체추진,7,7,,은행나무로 및 시흥행궁 일대
81,서울특별시,금천구,제9회 금천구 북페스티벌,"5월말 예정
(1일간)"," ○ 책과 도서관을 주제로 다양한 체험활동 부스 운영
 ○ 지역 주민이 기증한 도서를 함께 나누는 책장터 진행 
 ○ 작은도서관협의회 참여를 통한 민관 협력 행사 
 ○ 명사초청 북콘서트 및 그림책 공연 ","금천구 / 금천문화재단
(02-2627-2852)","2011년
(9회)",15,0,6,9,0,,,문화예술,지역축제,독서,매년,재단법인,"있음
(임시조직)",전체위탁,1,1,,"금천구청
광장"
82,서울특별시,금천구,제10회 동화 속 책잔치,"10.12
(1일간)"," ○ 메인행사 : 마당놀이, 도서관(단체)별 체험부스 운영
 ○ 연계행사 : 페이스페인팅, 축하공연 등","금천구 / 금천작은도서관협의회
(02-2627-2853)","2010년
(10회)",7,0,0,7,0,,,문화예술,지역축제,독서,매년,시민단체,"있음
(임시조직)",전체위탁,1,1,,"산기슭공원
(시흥4동)"
83,서울특별시,금천구,금천생활문화축제 엄청나,10.26.(예정)," ○ 전시 : 생활문화 시각예술 동아리 11팀 (회화, 공예, 미디어아트 등)
 ○ 공연 : 생활문화 공연예술 동아리  27팀 (태권무, 뮤지컬, 통기타 등)","금천구
/ 금천문화재단
(02-809-8238)","2016년도
(4회)",20,0,20,0,0,,,문화예술,지역축제,생활예술,매년,공공(구),없음,자체추진,0,0,,"공연장, 전시장"
84,서울특별시,금천구,사회적경제한마당,"2019.10.24.
(1일)"," ○ 사회적경제 및 마을공동체, G밸리 기업 홍부 부스 운영 
 ○ 참여자간 네트워킹 및 문화예술 공연 추진","금천구 사회적경제 지원센터
(070-4432-3793)","2011년
(8회)",20,0,0,20,0,,,기타,지역축제,"먹거리, 의류, 액세서리 등등",매년,공공(시군구),없음,전체위탁,2,2,,가산동우림라이온스밸리 광장
85,서울특별시,성동구,응봉산개나리축제,"3.29~3.31
(3일간)","○ 그림그리기 및 가족백일장 대회
○ 암벽등반체험, 사진 및 시화 전시
○ 주제공연 및 문화공연, 개나리식목행사
○ 기타 먹거리 장터","성동구 문화체육과
(02-2286-5203)","1997년도
(22회)",40,0,"25
(공모중)",15,0,,,문화예술,지역축제,"개나리꽃, 응봉산",매년,"공공,재단법인",없음,부분위탁,14,14,0,"공원, 산, 기타"
86,서울특별시,성동구,태조이성계축제,"9.27~9.28
(2일간)","○ 이성계사냥행차 재연
 ○ 살곶이다리(보물제1738호)를 테마로한 공연
 ○ 개폐막 공연, 사냥을 주제로 한 체험프로그램
 ○ 기타 먹거리장터 ","성동구 문화체육과
(02-2286-5203)","2017년
(3회)",164,0,"150
(공모중)",14,0,,,전통역사,지역축제,"태조이성계, 살곶이다리문화재, 사냥",매년,"공공,재단법인",없음,부분위탁,10,10,0,"광장, 시내거리, 운동장, 기타"
87,서울특별시,송파구,석촌호수 벚꽃축제,"4.5~4.12
(8일간)","○ 벚꽃콘서트, 벚꽃공연, 벚꽃영화제
○ 벚꽃조명길, 벚꽃은하수길, 벚꽃포토존
○ 벚꽃체험, 마켓","서울특별시 송파구 문화체육과
(02-2147-2815)","2004년도
(15회)",200,0,0,0,200,,,생태자연,지역축제,벚꽃,매년,공공(시군구),없음,자체추진,57만 명,,,석촌호수 일대
88,서울특별시,송파구,한성백제문화제,"9.27-9.29
(3일간)","○ 역사문화거리행렬
○ 한성백제체험마을
○ 한성백제갈라퍼레이드
○ 혼불채화식
○ 동명제
○ 한성백제 몽촌해자 수변음악회
○ 전국청소년동아리경연대회
○ 몽촌해자 수변무대
○ 각종 체험 및 전시 등",송파구 문화체육과(02-2147-2831)/한성백제문화제추진위원회,"1994년도
(19회)",970,0,0,500,470,,,전통역사,지역축제,한성백제,매년,공공(시군구),없음,자체추진,450만 명,,,"올림픽공원 평화의 문 일대, 석촌동고분 등"
89,서울특별시,송파구,석촌호수 단풍&낙엽축제,11월중(미정),"○ 가을 테마 공연
○ 단풍&낙엽 포토존, 야간경관조명 전시
○ 단풍&낙엽 체험프로그램
○ 바스락낙엽길, 송파가을풍경 사진전","서울특별시 송파구 국제관광과
(02-2147-2116)","2016
(4회)",80(예정),0,30,50,0,,,생태자연,지역축제,단풍,매년,공공(시군구),없음,자체추진,15만명,15만명,,석촌호수 일대
90,서울특별시,송파구,오금동 성내천축제,"4.13~4.14
(2일간)","○ 주민노래자랑
○ 자치회관 프로그램 발표회
○ 물빛음악회
○ 북 페스티벌(도서교환 및 할인전)
○ 청소년 체험부스
○ 농산물 직거래장터
○ 먹거리장터","오금동성내천축제공동추진위원회
(02-2147-4278)","2008년도
(12회)",50,0,10,0,40,,,문화예술,지역축제,성내천,매년,축제조직위,없음,자체주진,20,20,,성내천 물빛광장 일대
91,서울특별시,시자체,제21회 서울 드럼 페스티벌,"5.24~5.25
(2일간)","○ 드럼경연 수상자 특별공연
○ 드럼경연 수상자 시상식
○ 개막식 공연
○ 아티스트 공연(해외 및 국내팀)
○ 시민참여 공연, 마스터클래스 등","서울특별시 문화예술과
(02-2133-2574)","1999년도
(21회)",420,0,420,0,0,,,문화예술,지역축제,드럼 및 타악,매년,공공(시군구),없음,자체추진,50,,,"서울광장, 마포문화비축기지"
92,서울특별시,시자체,2019 서울 문화로 바캉스,"8.10~8.11
(2일간)","○ 영화음악제
○ 디자인그래픽 경연
○ 눈 조각전
○ 문화시설 아트바캉스(문화시설별 자체 프로그램 및 예술영화 상영)","서울특별시 문화예술과
(02-2133-2571)","2008년도
(12회)",522,0,522,0,0,,,문화예술,지역축제,바캉스,매년,공공(시군구),없음,자체추진,60,,,"서울광장, 청계광장, 광화문광장 등"
93,서울특별시,시자체,제6회 서울김장문화제,"11.1~11.3
(3일간)","○ 김장나눔 행사(3일간)
○ 우리집 김장간, 외국인 김장간, 셰프의 김장간
○ 김장뮤지엄 및 100가지 김치전
○ 김치상상놀이터, 김치 스트리트","서울특별시 문화예술과
(02-2133-2570)","2014년도
(6회)",930,0,930,0,0,,,문화예술,지역축제,김장,매년,공공(시군구),없음,자체추진,100,,,"서울광장, 무교로 일대"
